City,Latitude,Longitude,Max Temp (F),Humidity (%),Cloudiness (%),Wind Speed (mph),Country,Date
namatanai,-3.6692,152.4064,79.41199999999995,82,32,3.17,PG,1663247074
cape town,-33.9249,18.4241,71.38399999999999,50,100,3.58,ZA,1663247075
hermanus,-34.4092,19.2504,69.18800000000005,79,99,4.0,ZA,1663247076
toamasina,-18.1443,49.3958,73.70600000000003,68,80,4.26,MG,1663247077
kapaa,22.0947,-159.3246,71.726,79,40,2.57,US,1663247078
tuktoyaktuk,69.4454,-133.0342,36.89600000000005,71,100,8.5,CA,1663247079
mar del plata,-38.0055,-57.5426,57.25399999999995,77,0,5.36,AR,1663247080
hobart,-42.8826,147.3257,51.27799999999996,90,0,0.0,AU,1663246992
ribeira grande,37.821,-25.5148,79.30399999999995,90,75,3.6,PT,1663247082
saskylakh,71.9543,114.1198,32.14399999999997,97,98,2.73,RU,1663247083
bayburt,40.2603,40.228,71.18599999999998,19,13,2.31,TR,1663247084
mahebourg,-20.406,57.7034,74.71400000000003,74,0,7.93,MU,1663247085
illoqqortoormiut,70.4856,-21.9629,35.311999999999955,80,17,1.58,GL,1663247086
saldanha,-33.0277,17.9176,61.88000000000004,79,100,6.94,ZA,1663247088
ushuaia,-54.8019,-68.303,44.492,42,20,8.75,AR,1663247089
arani,12.6713,79.2818,86.21600000000001,55,100,2.22,IN,1663247090
luderitz,-26.642,15.1639,73.14800000000002,48,6,2.89,NA,1663247091
dikson,73.5077,80.531,36.806000000000026,96,33,7.91,RU,1663247092
port elizabeth,-33.9608,25.6022,70.01600000000002,79,13,4.47,ZA,1663247093
airai,7.3642,134.5361,80.97799999999997,83,75,2.57,PW,1663247094
abu kamal,34.4653,40.9082,94.424,20,0,5.01,SY,1663247095
sao filipe,14.8952,-24.4946,79.73599999999996,85,89,4.78,CV,1663247095
praia,14.9331,-23.5133,82.27400000000002,80,55,5.95,CV,1663247096
mataura,-46.194,168.8655,46.742,96,100,3.32,NZ,1663247097
bardiyah,31.758,25.0792,79.358,52,0,5.15,LY,1663247098
vaini,-21.1935,-175.1752,72.12200000000004,94,75,1.54,TO,1663247099
condega,13.365,-86.3959,70.60999999999999,95,72,1.48,NI,1663247100
butaritari,3.1167,172.8,81.392,78,42,5.36,KI,1663247101
thompson,55.7451,-97.8509,43.25,89,0,1.71,CA,1663247101
strezhevoy,60.7236,77.5809,49.58599999999997,78,52,2.07,RU,1663247102
havre-saint-pierre,50.2418,-63.5986,48.83000000000004,93,100,10.29,CA,1663247103
cairns,-16.9203,145.771,75.41600000000001,69,100,2.57,AU,1663247104
samarai,-10.612,150.6641,80.78000000000004,84,38,5.9,PG,1663247105
sorland,67.6636,12.6927,53.851999999999975,82,0,9.26,NO,1663247106
zhigalovo,54.813,105.1528,47.73200000000001,70,100,1.32,RU,1663247107
leningradskiy,69.3683,178.4167,35.725999999999985,99,100,1.56,RU,1663247108
laguna,33.5427,-117.7854,69.35,86,8,0.45,US,1663247109
yellowknife,62.454,-114.3718,48.48800000000004,81,30,2.68,CA,1663247109
asau,-13.5191,-172.6294,81.03200000000001,79,49,9.89,WS,1663247111
punta arenas,-53.1634,-70.9078,39.758,70,75,7.72,CL,1663247112
georgetown,38.9076,-77.0723,71.49199999999999,80,20,6.17,US,1663247113
san fernando,34.2819,-118.439,67.49600000000005,86,100,2.06,US,1663247114
kahului,20.8893,-156.4729,78.06199999999995,73,75,1.54,US,1663247115
santa rosa,38.4404,-122.7141,56.3,88,100,1.54,US,1663247116
aldan,39.9215,-75.288,69.96199999999996,71,20,7.72,US,1663247117
jamestown,37.2116,-76.7752,72.24800000000002,90,0,0.89,US,1663247118
alekseyevka,41.3753,48.5806,67.00999999999999,66,91,3.34,AZ,1663247120
faanui,-16.4867,-151.7429,77.108,76,68,9.98,PF,1663247122
saint-georges,47.7678,-117.471,56.13800000000005,73,40,1.54,US,1663247123
saint-philippe,-21.3595,55.7665,75.05600000000004,78,29,6.23,RE,1663247125
yarmouth,41.7056,-70.2287,65.35399999999996,65,0,8.23,US,1663247126
port alfred,-33.5864,26.8851,72.53599999999997,74,91,2.24,ZA,1663247126
busselton,-33.6516,115.3473,57.25399999999995,75,100,3.99,AU,1663247127
avarua,-21.2129,-159.7823,73.14800000000002,64,20,8.23,CK,1663247129
tiksi,71.6375,128.8645,33.403999999999954,74,22,4.9,RU,1663247130
albany,42.6526,-73.7562,59.03599999999997,73,20,6.17,US,1663247130
vaitupu,-7.4767,178.6748,81.78800000000004,75,17,4.68,TV,1663247132
ahuimanu,21.4374,-157.8296,76.98200000000003,83,20,1.54,US,1663247132
esperance,-33.8614,121.8913,58.064000000000036,80,84,11.42,AU,1663247133
bredasdorp,-34.5385,20.0569,73.79600000000005,54,78,6.04,ZA,1663247134
chake chake,-5.2505,39.7807,80.07799999999997,64,58,6.15,TZ,1663247135
ponta grossa,-25.0996,-50.1584,54.53599999999997,95,100,2.96,BR,1663247136
tasiilaq,65.6135,-37.6336,43.39399999999997,76,100,2.4,GL,1663247136
atuona,-9.8029,-139.0398,77.234,69,58,7.47,PF,1663247137
broome,-17.9618,122.237,79.01600000000002,69,92,3.6,AU,1663247138
vestmannaeyjar,63.4377,-20.2673,52.898000000000025,82,40,3.09,IS,1663247139
barentsburg,78.0648,14.2335,34.285999999999966,91,100,1.11,SJ,1663247140
port hawkesbury,45.6276,-61.3586,63.08599999999997,76,100,8.23,CA,1663247141
lompoc,34.6392,-120.4579,61.214000000000034,96,100,0.0,US,1663247142
ossora,59.2331,163.0675,46.09399999999997,69,100,1.95,RU,1663247143
rikitea,-23.1223,-134.9692,70.01600000000002,68,0,3.56,PF,1663247144
nome,64.5006,-165.4086,48.542,87,100,7.72,US,1663247145
rocha,-33.969,-54.0215,59.774000000000015,81,57,3.73,UY,1663247146
carnarvon,-24.8838,113.6571,66.46999999999997,67,100,10.85,AU,1663247147
husavik,66.045,-17.3383,46.20199999999998,55,0,0.41,IS,1663247148
grand river south east,-20.2888,57.7814,74.62400000000002,74,0,7.82,MU,1663247150
ponta do sol,32.6855,-17.0864,82.45399999999995,73,48,2.65,PT,1663247150
daru,38.8996,-76.9839,71.69000000000003,78,20,6.17,US,1663247151
bainbridge,47.6249,-122.521,60.70999999999998,86,100,0.45,US,1663247152
shadrinsk,56.0868,63.6294,64.184,40,100,4.56,RU,1663247153
upernavik,72.7863,-56.1376,40.19000000000002,95,100,5.33,GL,1663247154
kalmunai,7.4144,81.8306,81.89600000000004,77,10,4.62,LK,1663247155
sur,34.0812,-118.3853,69.76400000000004,88,100,2.06,US,1663247155
new norfolk,-42.7811,147.0623,51.22400000000002,69,100,0.57,AU,1663247156
usinsk,65.994,57.557,49.064000000000036,86,100,4.26,RU,1663247157
matara,5.9496,80.5469,79.7,81,0,4.73,LK,1663247158
puerto ayora,-0.7433,-90.3157,64.25600000000003,98,100,1.34,EC,1663247159
arlit,18.739,7.3895,105.29600000000005,12,16,1.82,NE,1663247160
taolanaro,-25.0225,46.9854,72.76999999999995,76,31,7.79,MG,1663247161
hithadhoo,-0.6095,73.0907,82.54399999999998,64,2,1.65,MV,1663247161
lagoa,37.1356,-8.4514,73.184,84,55,4.29,PT,1663247162
burhanpur,21.3145,76.218,77.0,90,100,5.83,IN,1663247163
chokurdakh,70.6222,147.9162,36.01400000000003,93,100,2.32,RU,1663247164
alotau,-10.3157,150.4588,77.234,93,63,2.29,PG,1663247165
mancio lima,-7.6135,-72.906,73.85,94,100,2.25,BR,1663247166
caapucu,-26.2323,-57.1859,64.94000000000003,55,0,2.97,PY,1663247168
chuy,-33.6928,-53.4553,60.51199999999996,78,46,3.38,BR,1663247169
mobaye,4.3203,21.1861,85.38800000000005,59,55,2.39,CF,1663247170
flinders,-38.4345,144.9726,53.29399999999997,91,28,6.39,AU,1663247171
quatre cocos,-20.2016,57.7743,74.67799999999997,74,0,8.03,MU,1663247172
katsuura,35.1522,140.3209,73.00399999999996,72,100,4.04,JP,1663247172
arraial do cabo,-22.9668,-42.0278,69.92599999999999,88,100,1.54,BR,1663247173
isangel,-19.5417,169.2803,71.90600000000003,86,35,5.82,VU,1663247174
mbanza-ngungu,-5.245,14.8571,82.30999999999997,49,99,4.32,CD,1663247176
kishanganj,26.0982,87.945,80.69000000000003,87,94,1.67,IN,1663247177
tura,40.7515,-73.9869,67.28000000000004,58,0,7.72,US,1663247178
sao joao da barra,-21.6268,-41.0192,77.35999999999999,74,16,4.38,BR,1663247179
rawson,-43.2999,-65.0995,65.49800000000002,33,100,8.34,AR,1663247180
araouane,18.9043,-3.5275,105.04399999999997,19,21,5.46,ML,1663247181
mount isa,-20.7264,139.493,73.50800000000001,33,40,2.06,AU,1663247182
taranagar,28.6715,75.0354,92.44399999999997,44,0,5.58,IN,1663247183
caconda,-13.7203,15.1259,89.15,13,100,2.99,AO,1663247184
nabire,-3.3722,135.5016,76.226,91,25,1.31,ID,1663247184
natal,-5.7842,-35.2,85.04600000000005,58,40,6.17,BR,1663247185
bambous virieux,-20.3439,57.7637,74.20999999999998,75,0,7.89,MU,1663247186
ust-kuyga,69.9967,135.5714,32.18000000000004,76,100,0.46,RU,1663247187
bethel,40.6098,-122.3584,57.685999999999964,73,0,0.0,US,1663247188
solnechnyy,50.7181,136.6376,47.13800000000005,79,5,1.33,RU,1663247189
cintalapa,16.686,-93.7286,69.63800000000005,99,100,0.34,MX,1663247190
alpatovo,43.7033,45.2431,76.85600000000002,37,50,3.62,RU,1663247190
awbari,26.581,12.794,97.41199999999996,12,0,1.81,LY,1663247191
klyuchi,56.322,160.8433,41.45,82,100,1.89,RU,1663247192
litovko,49.2426,135.1781,51.85399999999996,90,100,1.46,RU,1663247193
praia da vitoria,38.7339,-27.0647,78.02599999999998,94,100,5.7,PT,1663247194
merauke,-8.4991,140.405,79.62799999999996,83,99,6.28,ID,1663247194
geraldton,-28.7761,114.6113,52.358000000000004,87,99,2.57,AU,1663247195
qaanaaq,77.467,-69.2285,30.23599999999997,68,88,3.16,GL,1663247196
lebu,-37.608,-73.6515,54.067999999999984,79,100,4.34,CL,1663247197
north fort myers,26.6673,-81.8801,81.31999999999996,93,0,1.54,US,1663247198
klaksvik,62.2272,-6.5779,48.667999999999985,67,100,10.95,FO,1663247199
cabo san lucas,22.8905,-109.9167,77.25199999999998,83,3,3.56,MX,1663247200
iskateley,67.6766,53.1295,52.37599999999999,76,100,4.36,RU,1663247201
norman wells,65.2815,-126.8287,43.26799999999999,90,100,1.06,CA,1663247201
san lorenzo,37.6794,-122.1267,62.185999999999964,90,100,2.06,US,1663247202
clyde river,70.4764,-68.6013,39.272000000000034,87,95,0.71,CA,1663247203
hanmer springs,-42.5256,172.8289,35.564000000000036,84,4,2.52,NZ,1663247204
talnakh,69.5,88.4,44.99600000000005,90,100,9.62,RU,1663247205
baglung,28.2774,83.5816,65.73200000000003,91,100,1.77,NP,1663247206
beyneu,45.3222,55.1818,77.0,30,54,8.1,KZ,1663247207
qaqortoq,60.719,-46.0353,51.36799999999998,60,27,0.59,GL,1663247208
northam,-31.654,116.662,50.07200000000004,94,0,3.22,AU,1663247209
phetchaburi,12.9649,99.6426,75.12799999999996,82,100,2.04,TH,1663247210
east london,-33.0198,27.9039,71.65399999999995,66,1,5.76,ZA,1663247211
fort nelson,58.805,-122.6972,44.311999999999955,77,94,0.5,CA,1663247212
cherskiy,68.7427,161.3508,33.601999999999975,93,100,3.62,RU,1663247213
walvis bay,-22.9584,14.5058,61.358000000000004,61,47,5.42,NA,1663247216
victoria,-36.9848,143.3906,45.95,92,100,1.36,AU,1663247217
tautira,-17.7496,-149.1612,75.23599999999996,79,100,10.98,PF,1663247218
orange cove,36.6244,-119.3137,62.52799999999996,73,0,2.06,US,1663247219
pangnirtung,66.1466,-65.7012,39.992,97,100,1.81,CA,1663247220
muborak,39.26,65.1551,85.40600000000003,11,0,4.66,UZ,1663247220
guerrero negro,27.9592,-114.0566,70.46600000000001,77,100,6.58,MX,1663247221
katunki,56.8338,43.2171,56.94800000000002,80,100,2.03,RU,1663247222
komsomolskiy,67.5501,63.7828,49.85600000000003,77,100,4.64,RU,1663247223
socodor,46.5113,21.4354,79.17799999999997,42,100,7.17,RO,1663247224
san quintin,30.5609,-115.9379,67.94600000000005,82,99,4.84,MX,1663247225
sonamura,23.4754,91.2646,82.63399999999999,91,80,3.51,IN,1663247229
provideniya,64.4032,-173.2065,45.338000000000044,94,100,5.7,RU,1663247230
nemuro,43.3301,145.5828,62.438000000000045,61,100,1.42,JP,1663247230
north platte,41.1403,-100.7601,65.39000000000001,89,40,5.36,US,1663247231
olafsvik,64.896,-23.706,47.641999999999996,64,22,0.21,IS,1663247232
sitka,57.0532,-135.3346,50.14399999999998,87,20,2.57,US,1663247233
bubaque,11.2987,-15.8378,80.816,83,98,8.34,GW,1663247233
iqaluit,63.7467,-68.517,41.35999999999998,93,100,2.24,CA,1663247235
tsihombe,-25.3168,45.4863,78.29600000000005,58,0,7.7,MG,1663247235
muroto,33.29,134.1521,80.33000000000004,78,94,8.32,JP,1663247236
benguela,-12.5905,13.4165,77.70199999999997,68,100,4.92,AO,1663247237
tukrah,32.5326,20.5871,80.834,51,0,4.88,LY,1663247238
sao sebastiao,-23.8011,-45.4026,65.60600000000002,94,100,2.28,BR,1663247239
kulhudhuffushi,6.6262,73.0671,81.40999999999998,70,47,2.2,MV,1663247240
ilulissat,69.2198,-51.0986,43.358000000000004,93,100,1.54,GL,1663247241
tskneti,41.6987,44.6975,77.43200000000002,28,6,0.66,GE,1663247241
uige,-7.1737,15.4068,86.09000000000003,40,66,1.46,AO,1663247242
mukhen,48.1949,136.137,54.932000000000016,95,100,0.61,RU,1663247243
hirara,24.8218,125.3137,82.076,86,100,5.22,JP,1663247244
codrington,17.6426,-61.8204,83.44399999999997,78,99,9.37,AG,1663247246
mezen,65.1976,46.4131,49.11799999999998,96,100,2.93,RU,1663247248
cayenne,4.9224,-52.3135,86.18000000000004,70,75,3.09,GF,1663247249
beian,48.2415,126.4911,61.28599999999997,92,35,2.52,CN,1663247250
port loko,8.7687,-12.7854,82.076,82,100,1.87,SL,1663247252
ambon,-3.6387,128.1689,79.64600000000004,13,40,1.03,ID,1663247253
sadasivpet,17.6203,77.9539,76.15399999999995,81,99,4.55,IN,1663247254
umm lajj,25.0264,37.2708,89.05999999999997,62,0,7.09,SA,1663247254
curaca,12.1696,-68.99,87.89000000000001,62,40,4.63,CW,1663247255
aguada de pasajeros,22.3825,-80.8475,78.42200000000004,84,100,1.74,CU,1663247256
afmadu,0.5151,42.0757,88.64600000000004,39,99,6.81,SO,1663247257
ormara,25.2666,64.6096,81.93200000000002,85,13,7.72,PK,1663247258
moyale,3.54,39.0528,76.226,45,99,6.64,KE,1663247259
goleniow,53.5638,14.8284,67.74800000000002,82,40,5.14,PL,1663247260
hobyo,5.3516,48.525,80.33000000000004,71,73,12.7,SO,1663247261
bilibino,68.0536,166.4482,29.911999999999956,91,84,2.23,RU,1663247261
vallenar,-28.5758,-70.7571,69.674,26,0,1.3,CL,1663247262
troyes,48.2973,4.0744,70.05199999999998,56,75,3.6,FR,1663247263
aykhal,65.9417,111.4881,37.508,95,100,8.45,RU,1663247264
turje,46.9854,17.1,71.65399999999995,77,100,4.24,HU,1663247265
mazagao,-0.1155,-51.2878,91.72400000000002,58,81,2.46,BR,1663247266
nebolchi,59.1209,33.3387,58.424000000000014,69,83,3.74,RU,1663247267
ponazyrevo,58.3567,46.3155,48.41600000000001,95,100,3.81,RU,1663247268
khatanga,71.964,102.4406,34.538000000000046,84,100,3.54,RU,1663247269
ancud,-41.8675,-73.8277,52.88000000000004,97,100,9.56,CL,1663247270
morehead,38.184,-83.4327,61.934,100,0,0.0,US,1663247271
ottawa,45.4215,-75.6972,51.56600000000001,76,3,1.34,CA,1663247272
huarmey,-10.0664,-78.1507,62.780000000000044,79,92,1.45,PE,1663247273
necochea,-38.5545,-58.7396,60.09800000000003,57,12,7.57,AR,1663247273
oranjemund,-28.5515,16.4272,67.36999999999996,55,0,6.48,NA,1663247274
hilo,19.7216,-155.0849,77.82799999999997,94,100,0.89,US,1663247275
castro marim,37.2179,-7.4423,75.52400000000002,63,52,4.93,PT,1663247276
sentyabrskiy,60.4955,72.2081,54.82400000000001,68,99,1.53,RU,1663247277
flin flon,54.7751,-101.8494,42.92599999999999,86,0,0.6,CA,1663247278
port blair,11.6234,92.7265,81.23000000000005,81,34,6.58,IN,1663247279
inhambane,-23.8662,35.3827,75.48800000000006,56,0,4.71,MZ,1663247280
umm durman,15.6476,32.4807,97.98800000000004,32,74,0.38,SD,1663247280
amderma,69.7512,61.6637,43.51999999999996,76,100,3.64,RU,1663247281
zhangye,38.9259,100.4498,71.43800000000005,49,100,4.2,CN,1663247282
la ronge,55.1082,-105.286,45.59000000000002,76,0,1.6,CA,1663247284
morant bay,17.8887,-76.3898,86.792,76,95,4.58,JM,1663247285
vila velha,-20.3518,-40.308,77.25199999999998,78,75,4.63,BR,1663247286
rapid valley,44.0625,-103.1463,62.690000000000026,75,75,5.14,US,1663247287
wanning,18.7953,110.3898,80.52799999999996,83,4,1.96,CN,1663247288
narsaq,60.913,-46.0505,50.59399999999997,50,13,1.49,GL,1663247289
yar-sale,66.8626,70.8545,54.48200000000001,63,100,5.3,RU,1663247290
urdzhar,47.087,81.6315,55.148000000000025,31,0,3.32,KZ,1663247291
tres arroyos,-38.3775,-60.2752,63.446000000000055,40,10,8.54,AR,1663247292
warqla,31.9527,5.3335,109.41799999999999,9,0,4.95,DZ,1663247292
hofn,64.2497,-15.202,48.48800000000004,76,20,3.6,IS,1663247293
girard,41.1539,-80.7015,63.89600000000005,83,40,3.6,US,1663247294
tonj,7.2675,28.679,88.71799999999999,54,75,1.39,SS,1663247295
barreirinha,-2.7999,-57.0684,93.434,40,15,2.38,BR,1663247296
dwarka,22.2442,68.9685,82.958,85,100,7.87,IN,1663247297
kushmurun,52.6833,64.8,61.88000000000004,32,100,5.37,KZ,1663247297
yerbogachen,61.2777,108.0137,44.024000000000015,81,100,1.34,RU,1663247298
carutapera,-1.2057,-46.0207,84.59600000000006,65,100,3.9,BR,1663247299
humaita,-7.517,-63.0299,82.20199999999997,67,77,2.47,BR,1663247300
kyakhta,50.3493,106.482,48.61400000000003,68,100,5.52,RU,1663247301
zolotinka,56.1855,124.8637,39.398000000000025,60,100,1.66,RU,1663247302
ushtobe,45.2415,77.9726,60.20600000000003,20,0,8.75,KZ,1663247303
pevek,69.7029,170.307,35.6,88,99,2.47,RU,1663247304
turukhansk,65.7959,87.9624,48.685999999999964,75,100,8.58,RU,1663247305
ust-tsilma,65.4339,52.1541,51.29600000000005,87,100,2.84,RU,1663247306
yakeshi,49.2856,120.7117,58.064000000000036,48,6,2.64,CN,1663247306
bjornevatn,69.6675,29.9872,48.811999999999955,93,75,4.63,NO,1663247307
the valley,34.1826,-118.4397,67.78399999999999,87,100,2.06,US,1663247309
pontianak,-0.0263,109.3425,79.01600000000002,88,75,2.06,ID,1663247311
kodiak,57.79,-152.4072,46.18399999999999,93,75,0.0,US,1663247312
sao pedro do sul,40.7598,-8.0641,75.29000000000002,64,58,1.79,PT,1663247314
waingapu,-9.6647,120.2498,79.28599999999997,66,100,2.92,ID,1663247315
mbini,1.5831,9.6146,80.69000000000003,78,68,6.46,GQ,1663247316
mandalgovi,45.7632,106.265,61.17799999999997,54,2,3.85,MN,1663247317
maniitsoq,65.4077,-52.9006,43.60999999999998,98,100,4.8,GL,1663247317
pathein,16.7754,94.7381,77.14399999999998,91,81,3.13,MM,1663247318
kindu,-2.9492,25.9231,83.42599999999999,62,99,0.63,CD,1663247319
hengyang,26.8932,112.572,78.458,37,8,2.22,CN,1663247320
zhigansk,66.7521,123.3941,34.016000000000005,77,40,3.24,RU,1663247321
caravelas,-17.7337,-39.2653,81.98599999999996,61,99,2.83,BR,1663247322
nhulunbuy,-12.1835,136.7861,79.60999999999999,83,62,2.57,AU,1663247323
port lincoln,-34.7226,135.8597,54.57200000000004,86,83,9.87,AU,1663247324
torbay,50.4619,-3.5253,66.434,68,18,4.02,GB,1663247325
samusu,-14.0057,-171.43,79.96999999999997,74,28,8.29,WS,1663247326
hervey bay,-25.2882,152.7677,67.40600000000003,73,100,4.92,AU,1663247327
mogadishu,2.0469,45.3182,78.99800000000002,75,11,7.47,SO,1663247329
gainesville,29.6516,-82.3248,77.342,85,75,4.12,US,1663247315
coquimbo,-29.959,-71.3389,55.54399999999997,87,20,1.03,CL,1663247331
abha,18.2465,42.5117,81.01400000000004,42,40,4.12,SA,1663247332
karratha,-20.7337,116.8447,74.28200000000001,46,0,4.87,AU,1663247333
ambilobe,-13.2026,49.0514,85.96400000000003,35,59,2.57,MG,1663247334
kruisfontein,-33.9843,24.7321,69.674,39,63,5.38,ZA,1663247336
orapa,-21.312,25.4023,85.1,17,0,4.24,BW,1663247337
progreso,21.2812,-89.6652,77.41400000000004,87,96,3.67,MX,1663247338
vidim,56.4033,103.1071,42.674000000000014,68,88,1.76,RU,1663247338
naze,51.8667,1.2833,66.308,60,100,2.24,GB,1663247339
nanortalik,60.1425,-45.2395,48.90199999999997,82,100,4.01,GL,1663247340
puerto escondido,15.872,-97.0767,73.50800000000001,73,100,2.06,MX,1663247341
attawapiskat,52.9259,-82.4289,44.50999999999998,64,100,1.21,CA,1663247342
tashtagol,52.7591,87.8473,44.258,91,100,1.03,RU,1663247343
porto velho,-8.7636,-63.8972,79.08800000000005,57,0,4.63,BR,1663247343
dunedin,28.0197,-82.7718,79.19600000000005,90,0,2.68,US,1663247344
sile,41.1749,29.6096,85.35199999999998,28,4,1.79,TR,1663247345
milkovo,54.687,158.6173,44.86999999999996,66,100,1.74,RU,1663247346
sosnogorsk,63.5892,53.927,51.530000000000044,84,100,3.24,RU,1663247346
kuytun,44.4269,84.9017,64.83200000000002,27,0,2.95,CN,1663247347
sayat,45.8265,3.0525,74.11999999999996,57,75,3.6,FR,1663247348
ceres,-33.4007,19.295,75.00199999999998,28,31,2.4,ZA,1663247349
outjo,-20.1128,16.161,91.63399999999999,10,15,5.51,NA,1663247350
ondorhaan,47.3178,110.6535,65.89399999999998,43,82,2.59,MN,1663247351
shimoda,34.6796,138.9451,72.24800000000002,76,100,4.94,JP,1663247120
wakkanai,45.4156,141.6734,62.95999999999998,76,100,3.9,JP,1663247353
lavrentiya,65.5835,-171.0389,43.285999999999966,92,52,5.55,RU,1663247354
alta floresta,-9.8682,-56.0835,87.27799999999996,47,1,2.91,BR,1663247355
deputatskiy,69.3026,139.9584,28.66999999999996,97,100,1.18,RU,1663247356
haines junction,60.7525,-137.5102,41.61199999999995,88,100,1.13,CA,1663247357
da nang,16.0545,108.0717,76.892,88,20,3.09,VN,1663247358
ucluelet,48.9416,-125.5463,53.167999999999985,92,59,1.2,CA,1663247359
souillac,44.8936,1.4786,82.81400000000004,38,80,3.97,FR,1663247360
touros,-5.2001,-35.4591,83.56999999999996,58,42,7.24,BR,1663247361
espanola,35.991,-106.0818,59.18000000000004,68,2,0.72,US,1663247363
mbour,14.4228,-16.9654,88.89800000000002,55,27,1.84,SN,1663247364
carbonia,39.1644,8.5229,88.86199999999997,58,100,5.0,IT,1663247364
playa vicente,17.8304,-95.8132,72.392,95,100,0.51,MX,1663247365
sakaiminato,35.5397,133.2316,76.67599999999999,90,61,4.18,JP,1663247367
severo-kurilsk,50.6683,156.1152,49.26199999999996,86,14,4.91,RU,1663247368
los llanos de aridane,28.6577,-17.9122,75.12799999999996,81,20,6.17,ES,1663247369
arrifes,37.7604,-25.7013,78.00800000000001,88,75,3.6,PT,1663247370
vestbygda,68.3472,15.5103,53.76199999999996,67,70,4.86,NO,1663247371
taga,30.5347,-97.8064,70.23200000000003,83,14,1.54,US,1663247372
henties bay,-22.1135,14.2832,65.31799999999998,73,12,5.83,NA,1663247373
ukiah,39.1502,-123.2078,55.30999999999998,86,0,0.0,US,1663247374
urozhayne,48.2417,38.847,67.71199999999996,53,100,8.23,UA,1663247375
oyama,36.3147,139.8001,72.48200000000003,65,100,2.32,JP,1663247375
palabuhanratu,-6.989,106.5524,77.84600000000006,88,49,2.58,ID,1663247376
aasiaat,68.707,-52.8591,38.69600000000005,97,85,4.29,GL,1663247377
port-cartier,50.0213,-66.876,48.32599999999999,86,100,11.55,CA,1663247378
marrakesh,31.6295,-7.9811,82.63399999999999,44,40,3.09,MA,1663247380
nantucket,41.2835,-70.0995,66.52400000000002,61,47,10.92,US,1663247381
dembi dolo,8.5333,34.8017,67.08200000000002,79,91,1.7,ET,1663247381
high level,58.5071,-117.1403,44.096000000000046,71,8,2.37,CA,1663247382
winchester,51.0598,-1.3101,65.69600000000005,57,75,2.57,GB,1663247383
auki,-8.7679,160.696,79.91600000000001,76,44,2.5,SB,1663247384
umzimvubu,-30.7782,28.9529,84.52400000000002,13,98,5.93,ZA,1663247384
cockburn town,21.4675,-71.1389,86.12599999999999,62,40,5.14,TC,1663247385
horsham,40.1784,-75.1285,68.86400000000003,67,0,6.69,US,1663247387
sambava,-14.2713,50.1678,74.76799999999999,71,99,7.32,MG,1663247387
aksarka,66.5619,67.8015,55.38200000000002,58,100,4.66,RU,1663247388
jumla,29.2889,82.3018,49.693999999999974,96,100,0.72,NP,1663247389
alegrete,-29.7838,-55.7937,60.42200000000004,72,0,5.53,BR,1663247390
bengkulu,-3.7928,102.2608,77.576,87,52,2.16,ID,1663247390
namibe,-15.1978,12.1576,72.17599999999999,75,36,5.04,AO,1663247391
jiangyou,31.7569,104.7246,68.50399999999996,93,82,0.63,CN,1663247392
ostrozac,44.9115,15.9259,74.78599999999997,59,100,5.26,BA,1663247394
san policarpo,12.2047,125.4782,80.41999999999996,84,100,2.98,PH,1663247396
urumqi,43.8266,87.6169,60.56600000000001,29,0,3.0,CN,1663247397
xining,36.6173,101.7778,63.96799999999999,61,100,1.01,CN,1663247397
cidreira,-30.1769,-50.2089,63.266000000000005,78,15,3.54,BR,1663247399
tabiauea,0.9182,173.028,81.71600000000001,70,92,6.1,KI,1663247400
anupgarh,29.1812,73.1999,100.49000000000002,26,11,2.53,IN,1663247400
prince rupert,54.315,-130.3208,55.75999999999998,82,100,2.57,CA,1663247401
hambantota,6.1429,81.1212,83.35399999999996,70,5,8.22,LK,1663247402
ostersund,63.1767,14.6361,52.91600000000001,87,75,4.12,SE,1663247403
warmbad,-28.449,18.7334,91.49000000000002,6,0,1.56,NA,1663247405
hualmay,-11.0883,-77.6107,62.38399999999999,76,95,2.38,PE,1663247407
ngukurr,-14.7338,134.7323,77.05399999999995,76,5,4.78,AU,1663247409
lagos,6.5244,3.3792,82.38200000000002,74,98,6.65,NG,1663247409
coteana,44.3016,24.4548,88.79000000000002,22,73,7.26,RO,1663247410
tutoia,-2.7632,-42.2755,84.50600000000003,60,1,6.95,BR,1663247412
chadiza,-14.0636,32.4382,80.6,30,100,3.8,ZM,1663247413
fort-shevchenko,44.5076,50.2624,67.67599999999999,59,27,3.75,KZ,1663247414
sinnamary,5.3768,-52.9589,85.118,67,97,4.61,GF,1663247416
jaciara,-15.9677,-54.9677,75.48800000000006,64,100,2.52,BR,1663247417
sanming,26.2638,117.6392,77.82799999999997,65,98,0.3,CN,1663247417
chernukha,55.6028,43.7632,54.23000000000005,81,85,4.1,RU,1663247418
sofiysk,51.5678,139.8454,43.03399999999999,68,4,2.45,RU,1663247419
sembe,1.6202,14.8455,81.71600000000001,72,100,1.7,CG,1663247420
tashigang,31.8411,78.6778,54.89600000000005,68,89,3.74,CN,1663247421
tuatapere,-46.1316,167.6897,44.36600000000001,87,100,4.89,NZ,1663247421
kaitangata,-46.2858,169.8461,43.682000000000016,86,100,5.86,NZ,1663247422
leh,34.1526,77.5771,65.24600000000005,22,32,3.37,IN,1663247423
montrose,38.4783,-107.8762,55.16600000000001,97,68,3.0,US,1663247424
soderhamn,61.3056,17.0628,57.21799999999999,75,76,0.47,SE,1663247425
jalu,29.0406,21.4991,91.63399999999999,22,0,2.09,LY,1663247425
sabha,27.0365,14.429,95.48599999999996,14,0,0.17,LY,1663247426
astoria,46.1879,-123.8313,57.83000000000004,91,100,2.06,US,1663247427
teya,21.0509,-89.0739,76.80199999999998,92,74,1.68,MX,1663247428
asyut,27.1783,31.1859,94.424,17,0,6.52,EG,1663247430
hasaki,40.7297,-73.9888,67.55000000000001,57,0,7.72,US,1663247432
catia la mar,10.5894,-67.0494,86.64800000000002,83,15,2.0,VE,1663247432
nanchang,28.682,115.8579,78.476,58,65,0.96,CN,1663247392
nizhneyansk,71.4501,136.1122,35.47400000000001,80,99,3.98,RU,1663247435
luzhou,28.8717,105.4426,71.56400000000004,89,89,0.96,CN,1663247437
hami,42.8185,93.5154,69.69200000000001,30,4,11.32,CN,1663247439
talara,-4.5812,-81.2629,64.68800000000005,77,40,8.23,PE,1663247440
bredy,29.8053,-95.2906,79.17799999999997,73,0,4.63,US,1663247441
omsukchan,62.5094,155.7859,32.377999999999965,81,19,2.38,RU,1663247442
novyy urengoy,66.0957,76.6564,52.30399999999995,71,100,6.6,RU,1663247443
alugan,12.2131,125.47,80.33000000000004,84,100,2.94,PH,1663247444
dzhusaly,45.4852,64.0819,73.83200000000002,14,0,7.72,KZ,1663247445
mitsamiouli,-11.3872,43.2981,76.35199999999998,74,55,0.91,KM,1663247445
cockburn harbour,21.4998,-71.5323,86.25199999999998,68,100,8.22,TC,1663247446
longyearbyen,78.2232,15.6267,36.01400000000003,87,75,0.0,SJ,1663247447
ravar,31.2633,56.8072,94.08200000000002,9,0,5.43,IR,1663247448
trofors,65.5351,13.407,57.34399999999997,88,100,1.85,NO,1663247449
antofagasta,-23.6509,-70.3975,58.29800000000003,58,3,0.95,CL,1663247450
puerto el triunfo,13.2767,-88.5493,77.108,88,100,1.88,SV,1663247451
muncar,-8.4349,114.3192,75.70399999999995,89,19,1.62,ID,1663247452
tumannyy,68.8789,35.6675,51.16999999999996,80,100,5.86,RU,1663247453
tuggurt,33.105,6.0663,108.5,10,0,3.73,DZ,1663247454
yenagoa,4.9514,6.3492,82.79600000000005,75,97,3.56,NG,1663247455
biak,-1.0381,135.9801,76.00999999999999,90,6,1.02,ID,1663247456
lyuban,52.7918,27.9993,66.55999999999997,61,100,4.12,BY,1663247457
grand gaube,-20.0142,57.6694,75.88399999999999,62,0,4.47,MU,1663247458
fortuna,40.5982,-124.1573,56.62400000000001,90,30,1.42,US,1663247459
balkanabat,39.5239,54.336,89.20399999999995,17,11,4.15,TM,1663247460
okmulgee,35.6267,-95.9515,63.446000000000055,68,100,2.35,US,1663247461
kokuy,54.7042,60.1671,60.27799999999996,34,100,6.8,RU,1663247462
tatvan,38.502,42.2813,75.97400000000002,14,0,3.42,TR,1663247463
berlevag,70.8581,29.0858,44.86999999999996,87,100,10.29,NO,1663247464
beringovskiy,63.0611,179.3485,44.708000000000006,95,100,6.11,RU,1663247465
pipri,24.2012,83.0227,75.434,93,99,3.76,IN,1663247466
wamba,41.675,-4.9176,73.68800000000005,61,40,1.54,ES,1663247466
naters,46.3239,7.9917,77.14399999999998,58,60,3.23,CH,1663247467
marzuq,30.4627,-84.2822,73.868,86,0,2.06,US,1663247468
nyaunglebin,17.956,96.724,76.118,94,45,1.94,MM,1663247469
langarud,37.1952,50.1546,71.924,79,80,2.68,IR,1663247470
freetown,8.4657,-13.2317,81.82400000000001,74,75,3.09,SL,1663247471
rio pardo de minas,-15.6151,-42.5433,88.142,17,1,4.23,BR,1663247472
luhyny,51.0837,28.4005,56.714000000000034,99,100,0.82,UA,1663247473
mwene-ditu,-7.009,23.4538,83.89399999999998,44,100,2.37,CD,1663247474
yeletskiy,67.042,64.2374,50.80999999999998,80,100,4.18,RU,1663247475
petropavlovsk-kamchatskiy,53.0584,158.6321,43.39399999999997,100,75,3.0,RU,1663247477
betare oya,5.592,14.0856,78.53000000000004,78,100,1.28,CM,1663247478
naryan-mar,67.671,53.1078,52.34000000000002,76,100,4.38,RU,1663247479
ruidoso,33.3673,-105.6588,55.435999999999964,76,25,3.09,US,1663247480
georgiyevka,55.2161,53.7197,62.564000000000036,41,100,2.58,RU,1663247481
faya,17.9237,19.1107,107.45600000000003,8,7,7.97,TD,1663247482
luanda,-8.8147,13.2302,81.46400000000003,69,20,3.09,AO,1663247483
chimbote,-9.0633,-78.589,61.627999999999965,82,100,1.68,PE,1663247484
bandarbeyla,9.4986,50.8105,82.50800000000001,71,0,14.81,SO,1663247485
francisco beltrao,-26.0811,-53.0531,62.76199999999996,78,69,1.86,BR,1663247486
miri,4.3995,113.9914,79.12400000000002,83,100,1.78,MY,1663247487
saleaula,-13.4483,-172.3367,80.6,80,43,9.74,WS,1663247488
otane,-39.8962,176.6279,38.20999999999998,93,0,0.84,NZ,1663247488
lenoir city,35.7973,-84.256,66.41600000000001,88,0,0.89,US,1663247489
morondava,-20.2904,44.3,79.44800000000004,72,0,6.25,MG,1663247491
kununurra,-15.7783,128.7439,82.59800000000003,61,0,4.12,AU,1663247491
svetlogorsk,54.9395,20.1585,59.03599999999997,70,85,10.57,RU,1663247492
seoul,37.5682,126.9778,80.31199999999995,67,100,1.73,KR,1663247411
boali,4.6644,18.2081,86.21600000000001,64,100,1.72,CF,1663247494
baykit,61.6834,96.3806,39.91999999999996,94,21,0.78,RU,1663247495
varberg,57.1071,12.2521,63.21199999999996,69,11,6.93,SE,1663247496
christchurch,-43.532,172.6306,45.211999999999954,78,5,5.14,NZ,1663247496
salisbury,38.3607,-75.5994,72.21199999999996,84,0,3.6,US,1663247497
kenora,49.767,-94.4894,50.917999999999985,99,100,4.92,CA,1663247498
nortelandia,-14.4537,-56.8004,77.30600000000004,56,87,3.55,BR,1663247499
agva,41.1387,29.8561,86.97200000000004,36,3,4.78,TR,1663247500
tadine,-21.5477,167.881,69.98000000000005,68,100,4.22,NC,1663247501
cascais,38.6971,-9.4223,76.62200000000004,88,20,12.96,PT,1663247501
piacabucu,-10.4059,-36.4316,81.15800000000002,67,40,6.04,BR,1663247502
zyryanka,65.7674,150.8412,38.858000000000004,63,100,3.4,RU,1663247503
pringsewu,-5.3331,104.9856,75.75800000000001,90,96,1.72,ID,1663247504
barcelos,41.5321,-8.6191,75.18200000000002,61,39,1.19,PT,1663247505
tucuman,-26.8083,-65.2176,64.52599999999998,25,0,4.63,AR,1663247506
marsh harbour,26.5242,-77.091,84.75800000000001,69,100,5.97,BS,1663247507
zacualpan,18.7189,-99.776,55.79600000000005,92,100,1.25,MX,1663247508
portales,34.1862,-103.3344,63.37400000000001,92,1,3.13,US,1663247509
methoni,36.8199,21.7063,86.61199999999997,58,0,6.02,GR,1663247510
havoysund,70.9976,24.664,46.903999999999954,94,100,12.57,NO,1663247510
baruun-urt,46.6653,113.2877,64.68800000000005,49,36,4.51,MN,1663247511
biltine,14.5333,20.9167,93.93800000000005,38,72,2.14,TD,1663247512
dudinka,69.4065,86.1764,45.71600000000001,84,61,9.24,RU,1663247513
sorong,-0.8762,131.2558,80.27599999999998,77,100,0.83,ID,1663247514
hay river,60.8162,-115.7854,50.26999999999996,66,20,3.6,CA,1663247515
dharchula,29.8473,80.5369,74.28200000000001,94,100,0.33,IN,1663247515
makakilo city,21.3446,-158.0866,75.95600000000003,78,0,1.54,US,1663247516
sikonge,-5.6229,32.7548,91.958,18,92,2.24,TZ,1663247517
mys shmidta,68.8931,-179.4126,36.193999999999974,98,100,3.01,RU,1663247518
axim,4.8665,-2.2409,80.13200000000002,75,98,4.17,GH,1663247519
hamina,60.5693,27.1878,58.62200000000004,81,98,5.37,FI,1663247520
kavieng,-2.5781,150.8086,81.91400000000004,73,92,5.14,PG,1663247520
bargal,11.2855,51.0763,88.51999999999995,53,85,7.29,SO,1663247521
tilichiki,60.4333,166.0486,38.76799999999999,78,0,3.64,RU,1663247522
dotnuva,55.3661,23.8868,64.13000000000005,67,99,6.43,LT,1663247523
ixtapa,17.6626,-101.5873,77.14399999999998,83,75,0.0,MX,1663247524
iralaya,14.9975,-83.2252,82.02200000000005,82,28,5.09,HN,1663247525
dubbo,-32.2444,148.6144,57.650000000000006,88,100,7.72,AU,1663247526
killybegs,54.6348,-8.4547,58.748000000000026,62,87,5.8,IE,1663247528
prachuap khiri khan,11.7938,99.7958,80.15,77,97,4.94,TH,1663247528
enshi,30.2722,109.4882,72.28399999999999,78,82,1.03,CN,1663247529
hoopstad,-27.8395,25.935,82.77799999999996,17,0,3.22,ZA,1663247530
dandong,39.9998,124.356,65.174,98,100,2.85,CN,1663247531
aksay,51.1749,53.0211,70.77200000000005,42,26,8.96,KZ,1663247532
paraibano,-6.4319,-43.9882,93.86600000000001,37,24,2.36,BR,1663247533
jiddah,21.4858,39.1925,96.98000000000005,54,87,7.56,SA,1663247534
igrim,63.1967,64.4226,56.53399999999999,58,100,2.71,RU,1663247535
muros,42.8074,-9.0461,77.80999999999997,57,20,3.22,ES,1663247536
salvador,13.7942,-88.8965,73.00399999999996,98,100,1.06,SV,1663247537
vila franca do campo,37.7157,-25.4345,79.46600000000001,82,98,6.79,PT,1663247539
ahipara,-35.1713,173.1533,50.12599999999999,75,36,3.51,NZ,1663247539
port hardy,50.7207,-127.4969,52.016000000000005,93,100,1.54,CA,1663247540
paamiut,61.9941,-49.6666,45.05,78,100,2.29,GL,1663247541
barhiya,25.2836,86.0173,87.60199999999998,65,96,1.5,IN,1663247542
taree,-31.8889,152.444,59.01799999999999,100,100,1.54,AU,1663247543
chumikan,54.7165,135.3084,47.75,65,100,1.44,RU,1663247544
sao miguel do tapuio,-5.5022,-41.3212,92.96600000000001,35,6,3.38,BR,1663247545
tawkar,18.426,37.7275,102.12799999999997,19,8,8.25,SD,1663247545
lagoa santa,-19.6447,-43.9045,78.16999999999996,50,0,3.6,BR,1663247546
pacific grove,36.6177,-121.9166,59.377999999999965,90,75,0.89,US,1663247548
jiangkou,27.7001,108.8392,74.04800000000003,65,8,1.1,CN,1663247548
barawe,1.1162,44.0318,79.86199999999997,73,7,7.22,SO,1663247549
baiyin,36.5447,104.1377,73.47200000000004,41,100,3.51,CN,1663247550
rantepao,-2.9704,119.8986,66.01999999999995,98,86,0.65,ID,1663247551
rawannawi,2.0517,173.2633,82.076,69,56,6.03,KI,1663247552
krasnoselkup,65.6946,82.5256,49.90999999999998,77,100,9.3,RU,1663247553
batagay,67.6625,134.6544,35.22200000000004,66,100,1.56,RU,1663247555
anloga,5.7872,0.8914,80.49199999999999,77,53,7.0,GH,1663247556
port-gentil,-0.7351,8.7591,84.45199999999997,65,75,7.72,GA,1663247557
san benito,26.1326,-97.6311,79.17799999999997,85,0,0.0,US,1663247558
vigrestad,58.571,5.6818,53.924000000000014,72,98,14.47,NO,1663247558
tifton,31.4505,-83.5085,70.03399999999999,85,0,1.54,US,1663247560
kananga,-5.8975,22.4172,84.29000000000002,54,99,1.03,CD,1663247561
khipro,25.8258,69.3771,103.35199999999998,23,37,4.26,PK,1663247562
nalut,31.8742,10.975,95.684,17,0,3.46,LY,1663247563
kamenka,53.1916,43.9857,53.25800000000001,77,92,3.41,RU,1663247564
ho chi minh city,10.8231,106.6297,84.48800000000006,70,40,3.6,VN,1663247530
sainte-rose,16.3335,-61.6983,86.14399999999998,79,75,3.6,GP,1663247565
canmore,51.0899,-115.3441,46.63399999999999,96,9,5.14,CA,1663247566
mehamn,71.0357,27.8489,44.81600000000001,87,100,6.69,NO,1663247567
aranos,-24.1378,19.1107,90.80600000000004,11,58,4.67,NA,1663247568
chino valley,34.7575,-112.4538,59.01799999999999,78,75,0.0,US,1663247569
dingle,52.1409,-10.264,60.656000000000034,71,82,5.13,IE,1663247570
alofi,-19.0554,-169.9179,77.61199999999997,74,89,7.29,NU,1663247570
narasannapeta,18.4164,84.0459,81.40999999999998,87,100,3.51,IN,1663247571
coruripe,-10.125,-36.1761,80.15,70,13,5.9,BR,1663247572
severo-yeniseyskiy,60.3744,93.0294,38.56999999999996,90,72,0.74,RU,1663247573
verkhnevilyuysk,63.4454,120.3277,34.483999999999995,80,13,1.17,RU,1663247574
sandpoint,48.2766,-116.5535,53.725999999999985,98,40,0.0,US,1663247575
zhanakorgan,43.9082,67.2418,79.23200000000003,15,41,1.67,KZ,1663247575
adrar,28.0174,-0.2642,109.61600000000001,7,4,2.66,DZ,1663247129
omboue,-1.5752,9.2592,78.74600000000005,75,99,4.75,GA,1663247577
dolgorukovo,52.3217,38.3463,62.34800000000003,59,55,2.88,RU,1663247578
ulaanbaatar,47.8864,106.9057,52.10600000000003,66,40,1.0,MN,1663247579
swan hill,-35.3403,143.5441,50.70199999999998,59,100,1.43,AU,1663247580
biscarrosse,44.3947,-1.1642,78.99800000000002,53,0,5.66,FR,1663247581
belmonte,39.558,-2.7056,76.80199999999998,45,74,3.66,ES,1663247582
tuy hoa,13.1057,109.295,79.934,84,100,1.75,VN,1663247583
kiunga,-6.1203,141.2998,74.01199999999996,98,26,1.12,PG,1663247584
te anau,-45.4144,167.718,39.55999999999998,92,97,0.73,NZ,1663247584
wairoa,-39.0352,177.4181,41.21600000000001,94,4,1.34,NZ,1663247585
roma,41.9028,12.4964,83.642,67,40,10.29,IT,1663247586
ust-kamchatsk,56.2275,162.4693,45.30199999999998,77,94,3.39,RU,1663247587
sehithwa,-20.4727,22.7003,90.28399999999999,11,0,4.23,BW,1663247588
marsa matruh,31.3543,27.2373,80.90600000000003,50,0,5.89,EG,1663247589
olavarria,-36.8937,-60.3233,59.25199999999998,64,3,6.1,AR,1663247589
amarante do maranhao,-5.5695,-46.7481,91.59800000000003,42,10,2.53,BR,1663247590
lorengau,-2.0298,147.2744,82.14800000000002,75,33,4.77,PG,1663247591
montepuez,-13.134,38.9981,84.97400000000002,29,100,3.14,MZ,1663247593
great falls,38.9987,-77.2539,72.03200000000001,83,40,3.6,US,1663247594
toliary,-23.3516,43.6855,78.44000000000003,59,2,5.52,MG,1663247595
jvari,42.7091,42.0491,73.976,48,69,2.16,GE,1663247596
burica,8.034,-82.8684,78.89000000000001,82,97,2.52,PA,1663247597
ozgon,40.7674,73.3031,79.71799999999999,14,0,1.61,KG,1663247598
kavaratti,10.5593,72.6358,81.17599999999999,77,100,4.41,IN,1663247598
landeck,47.1406,10.5656,77.30600000000004,78,96,2.16,AT,1663247599
yebaishou,41.405,119.6367,61.627999999999965,92,75,1.55,CN,1663247600
ostrovnoy,68.0603,39.474,51.943999999999974,76,100,5.8,RU,1663247601
bogotol,56.2138,89.5382,42.04399999999997,66,22,2.33,RU,1663247602
wajir,1.7488,40.0586,90.17599999999999,32,83,9.36,KE,1663247603
nordhausen,51.4984,10.7931,63.446000000000055,56,100,6.83,DE,1663247604
noumea,-22.2735,166.4481,62.54600000000005,68,68,2.38,NC,1663247604
mae sai,20.4225,99.9186,74.58800000000005,97,33,0.59,TH,1663247605
rudesheim,49.9821,7.9301,70.60999999999999,62,100,4.08,DE,1663247606
horodnya,51.8911,31.5959,58.71199999999996,95,100,4.66,UA,1663247607
gizo,-8.1058,156.835,81.19399999999997,78,12,3.67,SB,1663247608
borgarnes,64.5609,-21.901,48.34399999999997,50,77,0.72,IS,1663247609
saint-pierre,46.7758,-56.1806,64.63399999999999,94,20,6.17,PM,1663247610
baijiantan,45.6873,85.1321,66.97400000000002,20,0,2.22,CN,1663247611
salta,-24.7821,-65.4232,57.83000000000004,38,0,1.79,AR,1663247612
tsumeb,-19.2443,17.7281,89.50999999999999,10,0,6.74,NA,1663247613
chittaurgarh,24.8829,74.623,80.65399999999995,79,63,2.33,IN,1663247614
acari,-6.4351,-36.6409,85.45999999999998,42,5,6.96,BR,1663247615
ginir,7.1387,40.7116,72.64399999999998,48,83,3.76,ET,1663247616
ningxiang,28.2774,112.5518,74.69600000000005,41,6,0.6,CN,1663247617
betong,5.78,101.0372,71.02400000000002,94,58,0.54,TH,1663247618
kirs,59.34,52.2413,59.45,53,100,4.65,RU,1663247619
richards bay,-28.7807,32.0383,87.96199999999996,37,0,6.03,ZA,1663247619
verkhnyaya inta,65.9844,60.3211,52.44800000000002,75,100,3.31,RU,1663247621
benin,9.3077,2.3158,73.56199999999995,95,100,2.04,BJ,1663247622
kachiry,53.0695,76.1038,56.227999999999966,44,94,2.64,KZ,1663247625
chicama,-7.848,-79.1407,57.938000000000045,82,91,1.29,PE,1663247626
egvekinot,66.3237,-179.1225,39.50600000000003,96,100,6.84,RU,1663247627
